inst#,actual,predicted,error,prediction
1,2:valid,2:valid,,1
2,2:valid,2:valid,,1
3,2:valid,2:valid,,0.936
4,2:valid,2:valid,,0.989
5,2:valid,2:valid,,1
6,2:valid,2:valid,,0.999
7,2:valid,2:valid,,1
8,2:valid,2:valid,,0.979
9,2:valid,2:valid,,1
10,2:valid,2:valid,,1
11,2:valid,2:valid,,0.592
12,2:valid,2:valid,,1
13,2:valid,2:valid,,1
14,2:valid,2:valid,,0.626
15,2:valid,2:valid,,0.994
16,2:valid,2:valid,,1
17,2:valid,2:valid,,1
18,2:valid,1:bugged,+,0.706
19,2:valid,2:valid,,1
20,2:valid,2:valid,,0.529
21,2:valid,2:valid,,0.991
22,2:valid,2:valid,,0.991
23,2:valid,2:valid,,0.999
24,2:valid,2:valid,,0.629
25,2:valid,2:valid,,1
26,2:valid,2:valid,,1
27,2:valid,2:valid,,0.999
28,2:valid,2:valid,,0.998
29,2:valid,2:valid,,1
30,2:valid,2:valid,,0.999
31,2:valid,2:valid,,1
32,2:valid,2:valid,,1
33,2:valid,2:valid,,1
34,2:valid,2:valid,,0.993
35,2:valid,2:valid,,0.998
36,2:valid,2:valid,,1
37,2:valid,2:valid,,0.666
38,2:valid,2:valid,,0.981
39,2:valid,2:valid,,1
40,2:valid,2:valid,,0.755
41,2:valid,2:valid,,1
42,2:valid,2:valid,,0.993
43,2:valid,2:valid,,1
44,2:valid,2:valid,,1
45,2:valid,2:valid,,0.659
46,2:valid,2:valid,,0.999
47,2:valid,2:valid,,1
48,2:valid,2:valid,,1
49,2:valid,2:valid,,1
50,2:valid,2:valid,,0.998
51,2:valid,2:valid,,0.591
52,2:valid,2:valid,,1
53,2:valid,2:valid,,1
54,2:valid,2:valid,,0.995
55,2:valid,2:valid,,0.591
56,2:valid,2:valid,,0.985
57,2:valid,2:valid,,0.971
58,2:valid,2:valid,,1
59,2:valid,2:valid,,0.984
60,2:valid,2:valid,,0.667
61,2:valid,2:valid,,0.999
62,2:valid,2:valid,,1
63,2:valid,2:valid,,1
64,2:valid,2:valid,,0.987
65,2:valid,2:valid,,1
66,2:valid,2:valid,,0.935
67,2:valid,2:valid,,0.994
68,2:valid,2:valid,,1
69,2:valid,2:valid,,0.999
70,2:valid,2:valid,,1
71,2:valid,2:valid,,0.574
72,2:valid,2:valid,,1
73,2:valid,2:valid,,1
74,2:valid,2:valid,,0.99
75,2:valid,2:valid,,0.982
76,2:valid,2:valid,,1
77,2:valid,2:valid,,0.986
78,2:valid,2:valid,,0.996
79,2:valid,2:valid,,0.998
80,2:valid,2:valid,,1
81,2:valid,2:valid,,0.999
82,2:valid,2:valid,,1
83,2:valid,2:valid,,1
84,2:valid,2:valid,,0.999
85,2:valid,2:valid,,1
86,2:valid,2:valid,,1
87,2:valid,2:valid,,1
88,2:valid,2:valid,,0.998
89,2:valid,2:valid,,0.999
90,2:valid,2:valid,,1
91,2:valid,2:valid,,0.992
92,2:valid,2:valid,,0.984
93,2:valid,2:valid,,0.995
94,2:valid,2:valid,,0.585
95,2:valid,2:valid,,1
96,2:valid,2:valid,,0.972
97,2:valid,2:valid,,1
98,2:valid,2:valid,,1
99,2:valid,2:valid,,1
100,2:valid,2:valid,,0.997
101,2:valid,2:valid,,1
102,2:valid,2:valid,,1
103,2:valid,2:valid,,1
104,2:valid,2:valid,,1
105,2:valid,2:valid,,1
106,2:valid,2:valid,,0.991
107,2:valid,2:valid,,0.992
108,2:valid,2:valid,,0.998
109,2:valid,2:valid,,0.785
110,2:valid,2:valid,,0.983
111,2:valid,2:valid,,0.973
112,2:valid,2:valid,,1
113,2:valid,2:valid,,0.997
114,2:valid,2:valid,,0.69
115,2:valid,2:valid,,0.987
116,2:valid,2:valid,,0.996
117,2:valid,2:valid,,1
118,2:valid,2:valid,,0.566
119,2:valid,2:valid,,1
120,2:valid,2:valid,,1
121,2:valid,2:valid,,1
122,2:valid,2:valid,,0.994
123,2:valid,2:valid,,0.999
124,2:valid,2:valid,,1
125,2:valid,2:valid,,1
126,2:valid,2:valid,,0.981
127,2:valid,2:valid,,1
128,2:valid,2:valid,,1
129,2:valid,2:valid,,1
130,2:valid,2:valid,,1
131,2:valid,2:valid,,1
132,2:valid,1:bugged,+,0.657
133,2:valid,2:valid,,1
134,2:valid,2:valid,,1
135,2:valid,2:valid,,0.929
136,2:valid,2:valid,,1
137,2:valid,2:valid,,1
138,2:valid,2:valid,,0.997
139,2:valid,2:valid,,0.999
140,2:valid,2:valid,,1
141,2:valid,2:valid,,0.998
142,2:valid,2:valid,,0.999
143,2:valid,2:valid,,1
144,2:valid,2:valid,,0.996
145,2:valid,2:valid,,1
146,2:valid,2:valid,,0.998
147,2:valid,2:valid,,1
148,2:valid,2:valid,,0.999
149,2:valid,2:valid,,1
150,2:valid,2:valid,,0.977
151,2:valid,2:valid,,0.915
152,2:valid,2:valid,,1
153,2:valid,2:valid,,1
154,2:valid,2:valid,,1
155,2:valid,2:valid,,1
156,2:valid,2:valid,,1
157,2:valid,2:valid,,0.706
158,2:valid,1:bugged,+,0.667
159,2:valid,2:valid,,0.8
160,2:valid,2:valid,,0.868
161,2:valid,2:valid,,1
162,2:valid,2:valid,,1
163,2:valid,2:valid,,0.684
164,2:valid,2:valid,,1
165,2:valid,2:valid,,1
166,2:valid,2:valid,,1
167,2:valid,2:valid,,1
168,2:valid,2:valid,,1
169,2:valid,2:valid,,0.998
170,2:valid,2:valid,,1
171,2:valid,2:valid,,1
172,2:valid,2:valid,,0.992
173,2:valid,2:valid,,0.637
174,2:valid,2:valid,,1
175,2:valid,2:valid,,1
176,2:valid,2:valid,,1
177,2:valid,2:valid,,1
178,2:valid,2:valid,,1
179,2:valid,2:valid,,0.999
180,2:valid,2:valid,,1
181,2:valid,2:valid,,0.998
182,2:valid,2:valid,,1
183,2:valid,2:valid,,0.695
184,2:valid,2:valid,,1
185,2:valid,2:valid,,1
186,2:valid,2:valid,,0.986
187,2:valid,2:valid,,1
188,2:valid,2:valid,,0.625
189,2:valid,2:valid,,0.997
190,2:valid,2:valid,,0.583
191,2:valid,2:valid,,0.983
192,2:valid,2:valid,,1
193,2:valid,2:valid,,0.999
194,2:valid,2:valid,,0.594
195,2:valid,2:valid,,0.616
196,2:valid,2:valid,,0.968
197,2:valid,2:valid,,0.977
198,2:valid,2:valid,,1
199,2:valid,2:valid,,0.97
200,2:valid,2:valid,,1
201,2:valid,2:valid,,1
202,2:valid,2:valid,,0.985
203,2:valid,2:valid,,0.999
204,2:valid,2:valid,,1
205,2:valid,2:valid,,0.698
206,2:valid,2:valid,,1
207,2:valid,2:valid,,0.988
208,2:valid,2:valid,,0.984
209,2:valid,1:bugged,+,0.55
210,2:valid,2:valid,,1
211,2:valid,2:valid,,0.625
212,2:valid,2:valid,,1
213,2:valid,2:valid,,0.995
214,2:valid,2:valid,,0.986
215,2:valid,2:valid,,1
216,2:valid,2:valid,,1
217,2:valid,2:valid,,1
218,2:valid,2:valid,,0.588
219,2:valid,2:valid,,1
220,2:valid,2:valid,,1
221,2:valid,2:valid,,1
222,2:valid,2:valid,,0.93
223,2:valid,2:valid,,1
224,2:valid,2:valid,,1
225,2:valid,2:valid,,1
226,2:valid,2:valid,,1
227,2:valid,2:valid,,0.574
228,2:valid,2:valid,,0.998
229,2:valid,2:valid,,0.971
230,2:valid,2:valid,,1
231,2:valid,2:valid,,1
232,2:valid,2:valid,,1
233,2:valid,2:valid,,0.917
234,2:valid,2:valid,,1
235,2:valid,2:valid,,1
236,2:valid,2:valid,,1
237,2:valid,1:bugged,+,0.535
238,2:valid,2:valid,,0.999
239,2:valid,2:valid,,0.996
240,2:valid,2:valid,,1
241,2:valid,1:bugged,+,0.668
242,2:valid,2:valid,,1
243,2:valid,2:valid,,0.648
244,2:valid,2:valid,,1
245,2:valid,2:valid,,0.566
246,2:valid,2:valid,,1
247,2:valid,2:valid,,1
248,2:valid,2:valid,,0.953
249,2:valid,2:valid,,0.992
250,2:valid,2:valid,,0.97
251,2:valid,2:valid,,0.991
252,2:valid,2:valid,,1
253,2:valid,2:valid,,1
254,2:valid,2:valid,,1
255,2:valid,2:valid,,1
256,2:valid,2:valid,,1
257,2:valid,2:valid,,1
258,2:valid,2:valid,,0.998
259,2:valid,2:valid,,1
260,2:valid,2:valid,,1
261,2:valid,2:valid,,1
262,2:valid,2:valid,,1
263,2:valid,2:valid,,0.966
264,2:valid,2:valid,,0.997
265,2:valid,2:valid,,1
266,2:valid,2:valid,,1
267,2:valid,2:valid,,0.612
268,2:valid,2:valid,,0.999
269,2:valid,2:valid,,1
270,2:valid,1:bugged,+,0.724
271,2:valid,2:valid,,1
272,2:valid,2:valid,,0.558
273,2:valid,2:valid,,1
274,2:valid,2:valid,,0.612
275,2:valid,2:valid,,1
276,2:valid,2:valid,,1
277,2:valid,2:valid,,1
278,2:valid,2:valid,,1
279,2:valid,2:valid,,1
280,2:valid,2:valid,,0.615
281,2:valid,2:valid,,1
282,2:valid,2:valid,,0.999
283,2:valid,2:valid,,0.989
284,2:valid,2:valid,,1
285,2:valid,2:valid,,1
286,2:valid,2:valid,,1
287,2:valid,2:valid,,1
288,2:valid,2:valid,,0.987
289,2:valid,2:valid,,1
290,2:valid,2:valid,,1
291,2:valid,2:valid,,0.998
292,2:valid,2:valid,,0.999
293,2:valid,2:valid,,1
294,2:valid,2:valid,,0.923
295,2:valid,2:valid,,0.696
296,2:valid,2:valid,,1
297,2:valid,2:valid,,0.999
298,2:valid,2:valid,,1
299,2:valid,2:valid,,0.983
300,2:valid,2:valid,,0.999
301,2:valid,2:valid,,0.672
302,2:valid,2:valid,,1
303,2:valid,2:valid,,1
304,2:valid,2:valid,,1
305,2:valid,2:valid,,1
306,2:valid,2:valid,,1
307,2:valid,2:valid,,0.952
308,2:valid,1:bugged,+,0.549
309,2:valid,2:valid,,0.973
310,2:valid,2:valid,,1
311,2:valid,2:valid,,0.989
312,2:valid,2:valid,,0.529
313,2:valid,2:valid,,1
314,2:valid,2:valid,,1
315,2:valid,2:valid,,1
316,2:valid,2:valid,,1
317,2:valid,2:valid,,1
318,2:valid,2:valid,,0.999
319,2:valid,2:valid,,0.692
320,2:valid,2:valid,,0.993
321,2:valid,2:valid,,1
322,2:valid,2:valid,,1
323,2:valid,2:valid,,0.994
324,2:valid,2:valid,,1
325,2:valid,2:valid,,1
326,2:valid,2:valid,,0.935
327,2:valid,2:valid,,0.993
328,2:valid,2:valid,,0.998
329,2:valid,2:valid,,1
330,2:valid,2:valid,,0.611
331,2:valid,2:valid,,1
332,2:valid,2:valid,,1
333,2:valid,2:valid,,1
334,2:valid,2:valid,,0.989
335,2:valid,2:valid,,0.589
336,2:valid,2:valid,,1
337,2:valid,2:valid,,1
338,2:valid,2:valid,,1
339,2:valid,2:valid,,0.992
340,2:valid,2:valid,,1
341,2:valid,2:valid,,0.663
342,2:valid,2:valid,,1
343,2:valid,2:valid,,0.644
344,2:valid,2:valid,,1
345,2:valid,2:valid,,0.999
346,2:valid,2:valid,,1
347,2:valid,2:valid,,1
348,2:valid,2:valid,,0.605
349,2:valid,2:valid,,1
350,2:valid,2:valid,,0.942
351,2:valid,2:valid,,0.519
352,2:valid,2:valid,,0.978
353,2:valid,2:valid,,0.999
354,2:valid,2:valid,,1
355,2:valid,2:valid,,1
356,2:valid,2:valid,,0.999
357,2:valid,2:valid,,0.595
358,2:valid,2:valid,,0.547
359,2:valid,2:valid,,1
360,2:valid,2:valid,,0.956
361,2:valid,2:valid,,1
362,2:valid,2:valid,,0.998
363,2:valid,2:valid,,1
364,2:valid,2:valid,,0.999
365,2:valid,2:valid,,0.564
366,2:valid,2:valid,,0.998
367,2:valid,2:valid,,0.962
368,2:valid,2:valid,,1
369,2:valid,2:valid,,1
370,2:valid,2:valid,,1
371,2:valid,2:valid,,0.965
372,2:valid,2:valid,,1
373,2:valid,2:valid,,1
374,2:valid,2:valid,,0.996
375,2:valid,2:valid,,1
376,2:valid,2:valid,,1
377,2:valid,2:valid,,0.724
378,2:valid,2:valid,,0.997
379,2:valid,2:valid,,0.995
380,2:valid,2:valid,,0.594
381,2:valid,2:valid,,0.999
382,2:valid,2:valid,,0.998
383,2:valid,2:valid,,0.999
384,2:valid,2:valid,,1
385,2:valid,2:valid,,0.996
386,2:valid,2:valid,,1
387,2:valid,2:valid,,0.999
388,2:valid,2:valid,,0.996
389,2:valid,2:valid,,0.655
390,2:valid,2:valid,,0.999
391,2:valid,2:valid,,1
392,2:valid,2:valid,,0.985
393,2:valid,2:valid,,0.999
394,2:valid,2:valid,,1
395,2:valid,2:valid,,1
396,2:valid,2:valid,,0.999
397,2:valid,2:valid,,1
398,2:valid,2:valid,,1
399,2:valid,2:valid,,0.995
400,2:valid,2:valid,,0.987
401,2:valid,2:valid,,1
402,2:valid,2:valid,,0.542
403,2:valid,2:valid,,1
404,2:valid,2:valid,,1
405,2:valid,2:valid,,1
406,2:valid,2:valid,,1
407,2:valid,2:valid,,1
408,2:valid,2:valid,,1
409,2:valid,2:valid,,0.998
410,2:valid,2:valid,,0.995
411,2:valid,2:valid,,1
412,2:valid,2:valid,,0.974
413,2:valid,2:valid,,0.999
414,2:valid,2:valid,,1
415,2:valid,2:valid,,0.759
416,2:valid,2:valid,,1
417,2:valid,1:bugged,+,0.52
418,2:valid,2:valid,,0.712
419,2:valid,2:valid,,0.984
420,2:valid,2:valid,,0.553
421,2:valid,2:valid,,1
422,2:valid,1:bugged,+,0.502
423,2:valid,2:valid,,0.991
424,2:valid,2:valid,,0.98
425,2:valid,2:valid,,0.997
426,2:valid,1:bugged,+,0.661
427,2:valid,2:valid,,0.928
428,2:valid,2:valid,,1
429,2:valid,2:valid,,1
430,2:valid,2:valid,,1
431,2:valid,2:valid,,0.98
432,2:valid,2:valid,,1
433,2:valid,2:valid,,1
434,2:valid,2:valid,,0.989
435,2:valid,2:valid,,0.599
436,2:valid,2:valid,,1
437,2:valid,2:valid,,1
438,2:valid,2:valid,,1
439,2:valid,2:valid,,0.991
440,2:valid,2:valid,,1
441,2:valid,2:valid,,0.99
442,2:valid,2:valid,,0.643
443,2:valid,2:valid,,0.978
444,2:valid,2:valid,,0.999
445,2:valid,2:valid,,0.629
446,2:valid,2:valid,,1
447,2:valid,2:valid,,1
448,2:valid,2:valid,,0.574
449,2:valid,2:valid,,1
450,2:valid,2:valid,,0.994
451,2:valid,2:valid,,1
452,2:valid,2:valid,,0.991
453,2:valid,2:valid,,0.997
454,2:valid,2:valid,,1
455,2:valid,2:valid,,1
456,2:valid,2:valid,,1
457,2:valid,2:valid,,1
458,2:valid,2:valid,,0.679
459,2:valid,2:valid,,0.912
460,2:valid,2:valid,,1
461,2:valid,2:valid,,1
462,2:valid,2:valid,,0.999
463,2:valid,2:valid,,1
464,2:valid,2:valid,,1
465,2:valid,2:valid,,1
466,2:valid,2:valid,,1
467,2:valid,2:valid,,0.969
468,2:valid,2:valid,,1
469,2:valid,2:valid,,0.999
470,2:valid,2:valid,,1
471,2:valid,2:valid,,1
472,2:valid,2:valid,,0.999
473,2:valid,2:valid,,1
474,2:valid,2:valid,,0.572
475,2:valid,2:valid,,0.793
476,2:valid,2:valid,,0.998
477,2:valid,2:valid,,1
478,2:valid,2:valid,,1
479,2:valid,2:valid,,0.634
480,2:valid,2:valid,,0.944
481,2:valid,2:valid,,1
482,2:valid,2:valid,,0.999
483,2:valid,2:valid,,0.636
484,2:valid,2:valid,,1
485,2:valid,2:valid,,1
486,2:valid,2:valid,,1
487,2:valid,2:valid,,0.999
488,2:valid,2:valid,,1
489,2:valid,2:valid,,1
490,2:valid,2:valid,,1
491,2:valid,2:valid,,0.928
492,2:valid,2:valid,,1
493,2:valid,2:valid,,1
494,2:valid,2:valid,,1
495,2:valid,2:valid,,0.998
496,2:valid,2:valid,,0.592
497,2:valid,2:valid,,0.547
498,2:valid,2:valid,,0.998
499,2:valid,2:valid,,0.996
500,2:valid,2:valid,,1
501,2:valid,2:valid,,1
502,2:valid,2:valid,,0.62
503,2:valid,2:valid,,1
504,2:valid,2:valid,,0.997
505,2:valid,2:valid,,0.651
506,2:valid,2:valid,,1
507,2:valid,2:valid,,1
508,2:valid,2:valid,,1
509,2:valid,2:valid,,0.998
510,2:valid,2:valid,,0.935
511,2:valid,2:valid,,0.673
512,2:valid,2:valid,,0.998
513,2:valid,2:valid,,1
514,2:valid,2:valid,,0.61
515,2:valid,2:valid,,0.999
516,2:valid,2:valid,,1
517,2:valid,2:valid,,1
518,2:valid,2:valid,,0.992
519,2:valid,2:valid,,1
520,2:valid,2:valid,,1
521,2:valid,2:valid,,1
522,2:valid,1:bugged,+,0.629
523,2:valid,2:valid,,1
524,2:valid,2:valid,,0.993
525,2:valid,2:valid,,0.996
526,2:valid,1:bugged,+,0.688
527,2:valid,2:valid,,1
528,2:valid,2:valid,,0.984
529,2:valid,2:valid,,1
530,2:valid,2:valid,,0.996
531,2:valid,2:valid,,1
532,2:valid,2:valid,,1
533,2:valid,2:valid,,0.93
534,2:valid,1:bugged,+,0.5
535,2:valid,2:valid,,0.98
536,2:valid,2:valid,,0.998
537,2:valid,2:valid,,0.999
538,2:valid,2:valid,,1
539,2:valid,2:valid,,0.523
540,2:valid,2:valid,,1
541,2:valid,2:valid,,1
542,2:valid,2:valid,,0.543
543,2:valid,2:valid,,1
544,2:valid,2:valid,,0.99
545,2:valid,2:valid,,1
546,2:valid,2:valid,,1
547,2:valid,2:valid,,0.998
548,2:valid,2:valid,,0.685
549,2:valid,2:valid,,0.957
550,2:valid,2:valid,,1
551,2:valid,2:valid,,1
552,2:valid,2:valid,,1
553,2:valid,2:valid,,0.639
554,2:valid,2:valid,,0.998
555,2:valid,2:valid,,0.994
556,2:valid,2:valid,,0.999
557,2:valid,2:valid,,0.999
558,2:valid,2:valid,,0.61
559,2:valid,2:valid,,1
560,2:valid,2:valid,,1
561,2:valid,2:valid,,0.542
562,2:valid,2:valid,,0.96
563,2:valid,1:bugged,+,0.531
564,2:valid,2:valid,,1
565,2:valid,2:valid,,1
566,2:valid,2:valid,,0.602
567,2:valid,2:valid,,1
568,2:valid,2:valid,,1
569,2:valid,2:valid,,1
570,2:valid,2:valid,,1
571,2:valid,2:valid,,1
572,2:valid,2:valid,,1
573,2:valid,2:valid,,0.991
574,2:valid,2:valid,,1
575,2:valid,2:valid,,1
576,2:valid,2:valid,,1
577,2:valid,2:valid,,1
578,2:valid,2:valid,,0.993
579,2:valid,2:valid,,1
580,2:valid,2:valid,,1
581,2:valid,2:valid,,0.731
582,2:valid,2:valid,,1
583,2:valid,2:valid,,0.997
584,2:valid,2:valid,,0.998
585,2:valid,2:valid,,1
586,2:valid,2:valid,,0.997
587,2:valid,2:valid,,0.511
588,2:valid,2:valid,,1
589,2:valid,2:valid,,0.995
590,2:valid,2:valid,,0.986
591,2:valid,2:valid,,0.601
592,2:valid,2:valid,,0.999
593,2:valid,1:bugged,+,0.625
594,2:valid,2:valid,,1
595,2:valid,2:valid,,1
596,2:valid,2:valid,,0.945
597,2:valid,2:valid,,1
598,2:valid,2:valid,,1
599,2:valid,2:valid,,0.705
600,2:valid,2:valid,,1
601,2:valid,2:valid,,0.977
602,2:valid,2:valid,,0.991
603,2:valid,2:valid,,1
604,2:valid,2:valid,,1
605,2:valid,2:valid,,0.987
606,2:valid,2:valid,,1
607,2:valid,2:valid,,0.582
608,2:valid,2:valid,,1
609,2:valid,2:valid,,0.999
610,2:valid,2:valid,,1
611,2:valid,2:valid,,1
612,2:valid,2:valid,,0.997
613,2:valid,2:valid,,1
614,2:valid,2:valid,,0.999
615,2:valid,2:valid,,0.999
616,2:valid,2:valid,,1
617,2:valid,2:valid,,1
618,2:valid,2:valid,,0.501
619,2:valid,1:bugged,+,0.684
620,2:valid,2:valid,,0.984
621,2:valid,2:valid,,1
622,2:valid,2:valid,,1
623,2:valid,2:valid,,1
624,2:valid,2:valid,,1
625,2:valid,2:valid,,1
626,2:valid,2:valid,,1
627,2:valid,2:valid,,0.646
628,2:valid,2:valid,,0.999
629,2:valid,2:valid,,0.999
630,2:valid,2:valid,,1
631,2:valid,2:valid,,1
632,2:valid,2:valid,,1
633,2:valid,2:valid,,1
634,2:valid,2:valid,,0.998
635,2:valid,2:valid,,1
636,2:valid,2:valid,,0.697
637,2:valid,2:valid,,0.991
638,2:valid,2:valid,,0.67
639,2:valid,2:valid,,1
640,2:valid,2:valid,,1
641,2:valid,2:valid,,1
642,2:valid,2:valid,,1
643,2:valid,2:valid,,1
644,2:valid,2:valid,,1
645,2:valid,2:valid,,1
646,2:valid,2:valid,,0.992
647,2:valid,1:bugged,+,0.516
648,2:valid,2:valid,,0.529
649,2:valid,2:valid,,0.724
650,2:valid,2:valid,,1
651,2:valid,2:valid,,0.999
652,2:valid,2:valid,,0.987
653,2:valid,2:valid,,0.579
654,2:valid,2:valid,,1
655,2:valid,2:valid,,1
656,2:valid,2:valid,,0.544
657,2:valid,2:valid,,0.609
658,2:valid,2:valid,,1
659,2:valid,2:valid,,1
660,2:valid,2:valid,,0.999
661,2:valid,2:valid,,1
662,2:valid,2:valid,,1
663,2:valid,2:valid,,0.986
664,2:valid,2:valid,,1
665,2:valid,2:valid,,1
666,2:valid,2:valid,,1
667,2:valid,2:valid,,1
668,2:valid,2:valid,,0.999
669,2:valid,2:valid,,1
670,2:valid,2:valid,,0.59
671,2:valid,2:valid,,0.976
672,2:valid,2:valid,,0.72
673,2:valid,2:valid,,0.99
674,2:valid,2:valid,,1
675,2:valid,2:valid,,0.981
676,2:valid,2:valid,,0.99
677,2:valid,2:valid,,1
678,2:valid,2:valid,,0.617
679,2:valid,2:valid,,0.997
680,2:valid,2:valid,,1
681,2:valid,2:valid,,1
682,2:valid,2:valid,,0.997
683,2:valid,2:valid,,1
684,2:valid,2:valid,,1
685,2:valid,2:valid,,1
686,2:valid,2:valid,,1
687,2:valid,2:valid,,1
688,2:valid,2:valid,,1
689,2:valid,2:valid,,0.992
690,2:valid,2:valid,,1
691,2:valid,1:bugged,+,0.516
692,2:valid,2:valid,,0.522
693,2:valid,2:valid,,1
694,2:valid,2:valid,,1
695,2:valid,2:valid,,1
696,2:valid,2:valid,,1
697,2:valid,2:valid,,1
698,2:valid,2:valid,,1
699,2:valid,2:valid,,1
700,2:valid,2:valid,,1
701,2:valid,2:valid,,0.985
702,2:valid,2:valid,,0.999
703,2:valid,2:valid,,1
704,2:valid,2:valid,,0.98
705,2:valid,2:valid,,0.561
706,2:valid,2:valid,,1
707,2:valid,2:valid,,0.979
708,2:valid,2:valid,,0.987
709,2:valid,2:valid,,0.989
710,2:valid,2:valid,,0.7
711,2:valid,2:valid,,0.972
712,2:valid,2:valid,,1
713,2:valid,2:valid,,0.998
714,2:valid,2:valid,,1
715,2:valid,1:bugged,+,0.594
716,2:valid,2:valid,,0.997
717,2:valid,2:valid,,0.902
718,2:valid,2:valid,,0.919
719,2:valid,2:valid,,0.667
720,2:valid,2:valid,,1
721,2:valid,2:valid,,0.745
722,2:valid,2:valid,,0.933
723,2:valid,2:valid,,1
724,2:valid,2:valid,,0.999
725,2:valid,2:valid,,0.997
726,2:valid,2:valid,,1
727,2:valid,2:valid,,1
728,2:valid,2:valid,,0.993
729,2:valid,2:valid,,0.98
730,2:valid,2:valid,,0.523
731,2:valid,1:bugged,+,0.507
732,2:valid,2:valid,,1
733,2:valid,2:valid,,1
734,2:valid,2:valid,,1
735,2:valid,2:valid,,0.997
736,2:valid,2:valid,,0.636
737,2:valid,2:valid,,0.746
738,2:valid,2:valid,,0.986
739,2:valid,2:valid,,0.999
740,2:valid,2:valid,,1
741,2:valid,2:valid,,1
742,2:valid,2:valid,,0.992
743,2:valid,2:valid,,1
744,2:valid,2:valid,,0.998
745,2:valid,2:valid,,0.999
746,2:valid,2:valid,,0.637
747,2:valid,2:valid,,1
748,2:valid,2:valid,,1
749,2:valid,2:valid,,0.685
750,2:valid,2:valid,,0.984
751,2:valid,2:valid,,0.566
752,2:valid,2:valid,,1
753,2:valid,2:valid,,1
754,2:valid,2:valid,,0.975
755,2:valid,2:valid,,1
756,2:valid,2:valid,,1
757,2:valid,2:valid,,0.618
758,2:valid,2:valid,,0.921
759,2:valid,2:valid,,1
760,2:valid,2:valid,,0.997
761,2:valid,2:valid,,1
762,2:valid,2:valid,,1
763,2:valid,2:valid,,1
764,2:valid,2:valid,,1
765,2:valid,2:valid,,1
766,2:valid,2:valid,,1
767,2:valid,2:valid,,0.993
768,2:valid,2:valid,,1
769,2:valid,2:valid,,0.667
770,2:valid,2:valid,,1
771,2:valid,2:valid,,1
772,2:valid,2:valid,,1
773,2:valid,2:valid,,1
774,2:valid,2:valid,,1
775,2:valid,2:valid,,1
776,2:valid,2:valid,,1
777,2:valid,2:valid,,0.999
778,2:valid,2:valid,,1
779,2:valid,2:valid,,1
780,2:valid,2:valid,,1
781,2:valid,2:valid,,1
782,2:valid,2:valid,,1
783,2:valid,2:valid,,0.529
784,2:valid,2:valid,,0.999
785,2:valid,2:valid,,0.585
786,2:valid,2:valid,,1
787,2:valid,2:valid,,1
788,2:valid,2:valid,,1
789,2:valid,2:valid,,0.584
790,2:valid,2:valid,,0.985
791,2:valid,2:valid,,1
792,2:valid,2:valid,,1
793,2:valid,2:valid,,1
794,2:valid,2:valid,,0.997
795,2:valid,2:valid,,0.629
796,2:valid,2:valid,,0.675
797,2:valid,2:valid,,0.586
798,2:valid,2:valid,,1
799,2:valid,2:valid,,0.983
800,2:valid,2:valid,,1
801,2:valid,2:valid,,1
802,2:valid,2:valid,,1
803,2:valid,2:valid,,1
804,2:valid,2:valid,,1
805,2:valid,2:valid,,0.766
806,2:valid,2:valid,,0.576
807,2:valid,2:valid,,0.972
808,2:valid,2:valid,,0.995
809,2:valid,2:valid,,1
810,2:valid,2:valid,,1
811,2:valid,2:valid,,1
812,2:valid,2:valid,,1
813,2:valid,2:valid,,1
814,2:valid,2:valid,,1
815,2:valid,2:valid,,1
816,2:valid,2:valid,,0.983
817,2:valid,2:valid,,1
818,2:valid,2:valid,,1
819,2:valid,2:valid,,0.659
820,2:valid,2:valid,,1
821,2:valid,2:valid,,0.67
822,2:valid,2:valid,,0.997
823,2:valid,2:valid,,1
824,2:valid,2:valid,,0.999
825,2:valid,2:valid,,1
826,2:valid,2:valid,,0.569
827,2:valid,2:valid,,1
828,2:valid,2:valid,,1
829,2:valid,2:valid,,1
830,2:valid,2:valid,,0.644
831,2:valid,2:valid,,1
832,2:valid,2:valid,,0.787
833,2:valid,2:valid,,1
834,2:valid,2:valid,,0.966
835,2:valid,2:valid,,1
836,2:valid,2:valid,,0.997
837,2:valid,2:valid,,1
838,2:valid,2:valid,,1
839,2:valid,2:valid,,1
840,2:valid,2:valid,,1
841,2:valid,2:valid,,0.999
842,2:valid,2:valid,,0.994
843,2:valid,2:valid,,1
844,2:valid,2:valid,,1
845,2:valid,2:valid,,1
846,2:valid,2:valid,,0.993
847,2:valid,2:valid,,0.999
848,2:valid,2:valid,,1
849,2:valid,2:valid,,0.963
850,2:valid,2:valid,,1
851,2:valid,2:valid,,1
852,2:valid,2:valid,,1
853,2:valid,2:valid,,0.998
854,2:valid,2:valid,,1
855,2:valid,2:valid,,1
856,2:valid,1:bugged,+,0.51
857,2:valid,2:valid,,1
858,2:valid,2:valid,,0.995
859,2:valid,2:valid,,0.997
860,2:valid,2:valid,,0.999
861,2:valid,2:valid,,0.998
862,2:valid,1:bugged,+,0.555
863,2:valid,2:valid,,0.522
864,2:valid,2:valid,,0.955
865,2:valid,2:valid,,0.627
866,2:valid,2:valid,,0.999
867,2:valid,2:valid,,0.656
868,2:valid,2:valid,,0.999
869,2:valid,2:valid,,1
870,2:valid,2:valid,,1
871,2:valid,2:valid,,0.511
872,2:valid,2:valid,,0.999
873,2:valid,2:valid,,0.996
874,2:valid,2:valid,,0.999
875,2:valid,2:valid,,1
876,2:valid,2:valid,,1
877,2:valid,2:valid,,0.979
878,2:valid,2:valid,,1
879,2:valid,2:valid,,1
880,2:valid,2:valid,,0.77
881,2:valid,2:valid,,1
882,2:valid,2:valid,,0.998
883,2:valid,1:bugged,+,0.51
884,2:valid,2:valid,,0.965
885,2:valid,2:valid,,0.533
886,2:valid,2:valid,,0.937
887,2:valid,2:valid,,1
888,2:valid,2:valid,,1
889,2:valid,2:valid,,1
890,2:valid,2:valid,,1
891,2:valid,2:valid,,1
892,2:valid,2:valid,,1
893,2:valid,2:valid,,1
894,2:valid,2:valid,,1
895,2:valid,2:valid,,1
896,2:valid,2:valid,,0.797
897,2:valid,2:valid,,0.991
898,2:valid,2:valid,,1
899,2:valid,2:valid,,1
900,2:valid,2:valid,,1
901,2:valid,2:valid,,0.516
902,2:valid,2:valid,,1
903,2:valid,2:valid,,1
904,2:valid,2:valid,,1
905,2:valid,2:valid,,1
906,2:valid,2:valid,,1
907,2:valid,2:valid,,0.991
908,2:valid,2:valid,,0.998
909,2:valid,2:valid,,0.998
910,2:valid,2:valid,,0.695
911,2:valid,2:valid,,0.989
912,2:valid,2:valid,,1
913,2:valid,2:valid,,0.778
914,2:valid,2:valid,,0.536
915,2:valid,2:valid,,0.999
916,2:valid,2:valid,,1
917,2:valid,2:valid,,1
918,2:valid,2:valid,,0.996
919,2:valid,2:valid,,1
920,2:valid,2:valid,,1
921,2:valid,2:valid,,1
922,2:valid,2:valid,,0.998
923,2:valid,2:valid,,0.968
924,2:valid,2:valid,,1
925,2:valid,2:valid,,0.594
926,2:valid,2:valid,,0.999
927,2:valid,2:valid,,0.603
928,2:valid,2:valid,,1
929,2:valid,1:bugged,+,0.779
930,2:valid,2:valid,,0.556
931,2:valid,2:valid,,1
932,2:valid,2:valid,,1
933,2:valid,2:valid,,1
934,2:valid,2:valid,,1
935,2:valid,2:valid,,0.724
936,2:valid,2:valid,,1
937,2:valid,2:valid,,0.999
938,2:valid,2:valid,,1
939,2:valid,2:valid,,1
940,2:valid,2:valid,,0.598
941,2:valid,2:valid,,0.999
942,2:valid,2:valid,,1
943,2:valid,2:valid,,0.997
944,2:valid,1:bugged,+,0.539
945,2:valid,2:valid,,0.983
946,2:valid,2:valid,,0.98
947,2:valid,2:valid,,0.996
948,2:valid,2:valid,,1
949,2:valid,2:valid,,0.775
950,2:valid,2:valid,,1
951,2:valid,2:valid,,1
952,2:valid,2:valid,,1
953,2:valid,2:valid,,0.96
954,2:valid,2:valid,,0.731
955,2:valid,2:valid,,0.616
956,2:valid,2:valid,,0.997
957,2:valid,2:valid,,1
958,2:valid,2:valid,,0.999
959,2:valid,2:valid,,0.999
960,2:valid,2:valid,,0.996
961,2:valid,2:valid,,0.557
962,2:valid,2:valid,,0.984
963,2:valid,2:valid,,1
964,2:valid,2:valid,,0.999
965,2:valid,2:valid,,0.997
966,2:valid,2:valid,,1
967,2:valid,2:valid,,1
968,2:valid,2:valid,,1
969,2:valid,2:valid,,0.875
970,2:valid,2:valid,,0.999
971,2:valid,2:valid,,0.618
972,2:valid,2:valid,,0.993
973,2:valid,2:valid,,0.993
974,2:valid,2:valid,,1
975,2:valid,2:valid,,1
976,2:valid,2:valid,,0.999
977,2:valid,2:valid,,1
978,2:valid,2:valid,,0.999
979,2:valid,2:valid,,1
980,2:valid,2:valid,,1
981,2:valid,2:valid,,0.998
982,2:valid,2:valid,,1
983,2:valid,2:valid,,1
984,2:valid,2:valid,,1
985,2:valid,2:valid,,1
986,2:valid,2:valid,,1
987,2:valid,2:valid,,0.999
988,2:valid,2:valid,,0.69
989,2:valid,2:valid,,1
990,2:valid,2:valid,,1
991,2:valid,2:valid,,0.999
992,2:valid,2:valid,,1
993,2:valid,2:valid,,1
994,2:valid,2:valid,,0.999
995,2:valid,2:valid,,1
996,2:valid,2:valid,,1
997,2:valid,2:valid,,1
998,2:valid,2:valid,,1
999,2:valid,2:valid,,1
1000,2:valid,1:bugged,+,0.672
1001,2:valid,2:valid,,1
1002,2:valid,2:valid,,1
1003,2:valid,2:valid,,1
1004,2:valid,2:valid,,0.998
1005,2:valid,2:valid,,0.999
1006,2:valid,2:valid,,1
1007,2:valid,2:valid,,0.518
1008,2:valid,2:valid,,1
1009,2:valid,2:valid,,0.991
1010,2:valid,1:bugged,+,0.557
1011,2:valid,2:valid,,1
1012,2:valid,2:valid,,0.986
1013,2:valid,2:valid,,0.601
1014,2:valid,2:valid,,0.999
1015,2:valid,2:valid,,0.674
1016,2:valid,2:valid,,1
1017,2:valid,2:valid,,1
1018,2:valid,2:valid,,1
1019,2:valid,2:valid,,0.548
1020,2:valid,2:valid,,1
1021,2:valid,2:valid,,1
1022,2:valid,1:bugged,+,0.629
1023,2:valid,2:valid,,1
1024,2:valid,2:valid,,1
1025,2:valid,2:valid,,1
1026,2:valid,2:valid,,1
1027,2:valid,2:valid,,0.633
1028,2:valid,2:valid,,0.993
1029,2:valid,2:valid,,1
1030,2:valid,2:valid,,1
1031,2:valid,2:valid,,1
1032,2:valid,2:valid,,1
1033,2:valid,2:valid,,1
1034,2:valid,2:valid,,0.997
1035,2:valid,2:valid,,1
1036,2:valid,2:valid,,0.996
1037,2:valid,2:valid,,0.999
1038,2:valid,2:valid,,0.999
1039,2:valid,2:valid,,0.988
1040,2:valid,2:valid,,1
1041,2:valid,2:valid,,0.988
1042,2:valid,2:valid,,0.508
1043,2:valid,2:valid,,0.997
1044,2:valid,2:valid,,1
1045,2:valid,2:valid,,1
1046,2:valid,2:valid,,0.96
1047,2:valid,2:valid,,1
1048,2:valid,2:valid,,0.999
1049,2:valid,2:valid,,1
1050,2:valid,2:valid,,1
1051,2:valid,2:valid,,0.667
1052,2:valid,2:valid,,0.999
1053,2:valid,2:valid,,1
1054,2:valid,2:valid,,1
1055,2:valid,2:valid,,0.999
1056,2:valid,2:valid,,0.959
1057,2:valid,2:valid,,0.994
1058,2:valid,2:valid,,1
1059,2:valid,2:valid,,1
1060,2:valid,2:valid,,1
1061,2:valid,2:valid,,0.627
1062,2:valid,2:valid,,1
1063,2:valid,2:valid,,1
1064,2:valid,2:valid,,0.982
1065,2:valid,2:valid,,0.998
1066,2:valid,2:valid,,0.736
1067,2:valid,2:valid,,1
1068,2:valid,2:valid,,1
1069,2:valid,2:valid,,1
1070,2:valid,2:valid,,0.999
1071,2:valid,2:valid,,0.557
1072,2:valid,2:valid,,0.958
1073,2:valid,2:valid,,0.998
1074,2:valid,2:valid,,1
1075,2:valid,2:valid,,0.996
1076,2:valid,2:valid,,0.982
1077,2:valid,2:valid,,0.543
1078,2:valid,2:valid,,0.698
1079,2:valid,2:valid,,1
1080,2:valid,2:valid,,0.603
1081,2:valid,2:valid,,0.574
1082,2:valid,2:valid,,0.998
1083,2:valid,2:valid,,1
1084,2:valid,2:valid,,0.994
1085,2:valid,2:valid,,1
1086,2:valid,2:valid,,0.871
1087,2:valid,2:valid,,0.999
1088,2:valid,2:valid,,0.974
1089,2:valid,2:valid,,1
1090,2:valid,2:valid,,0.999
1091,2:valid,2:valid,,0.988
1092,2:valid,2:valid,,0.664
1093,2:valid,2:valid,,0.704
1094,2:valid,2:valid,,0.537
1095,2:valid,2:valid,,0.987
1096,2:valid,2:valid,,1
1097,2:valid,2:valid,,0.998
1098,2:valid,2:valid,,0.724
1099,2:valid,2:valid,,1
1100,2:valid,2:valid,,1
1101,2:valid,2:valid,,0.925
1102,2:valid,2:valid,,0.998
1103,2:valid,2:valid,,0.977
1104,2:valid,2:valid,,0.991
1105,2:valid,2:valid,,1
1106,2:valid,2:valid,,0.638
1107,2:valid,2:valid,,0.535
1108,2:valid,2:valid,,0.986
1109,2:valid,2:valid,,1
1110,2:valid,2:valid,,1
1111,2:valid,2:valid,,1
1112,2:valid,2:valid,,0.561
1113,2:valid,2:valid,,1
1114,2:valid,2:valid,,0.877
1115,2:valid,2:valid,,0.997
1116,2:valid,2:valid,,1
1117,2:valid,2:valid,,0.984
1118,2:valid,2:valid,,1
1119,2:valid,2:valid,,1
1120,2:valid,2:valid,,0.589
1121,2:valid,2:valid,,0.963
1122,2:valid,2:valid,,0.601
1123,2:valid,2:valid,,0.552
1124,2:valid,2:valid,,0.603
1125,2:valid,2:valid,,1
1126,2:valid,2:valid,,1
1127,2:valid,2:valid,,0.989
1128,2:valid,2:valid,,0.634
1129,2:valid,2:valid,,0.56
1130,2:valid,2:valid,,1
1131,2:valid,2:valid,,1
1132,2:valid,2:valid,,1
1133,2:valid,2:valid,,0.984
1134,2:valid,2:valid,,1
1135,2:valid,2:valid,,1
1136,2:valid,2:valid,,0.949
1137,2:valid,2:valid,,1
1138,2:valid,2:valid,,0.997
1139,2:valid,2:valid,,1
1140,2:valid,2:valid,,1
1141,2:valid,2:valid,,0.99
1142,2:valid,2:valid,,0.963
1143,2:valid,2:valid,,0.563
1144,2:valid,2:valid,,1
1145,2:valid,2:valid,,1
1146,2:valid,2:valid,,0.989
1147,2:valid,2:valid,,1
1148,2:valid,2:valid,,1
1149,2:valid,2:valid,,0.943
1150,2:valid,2:valid,,1
1151,2:valid,2:valid,,1
1152,2:valid,2:valid,,0.946
1153,2:valid,2:valid,,1
1154,2:valid,2:valid,,0.609
1155,2:valid,2:valid,,0.983
1156,2:valid,2:valid,,1
1157,2:valid,2:valid,,0.999
1158,2:valid,2:valid,,0.997
1159,2:valid,2:valid,,1
1160,2:valid,2:valid,,0.745
1161,2:valid,2:valid,,0.998
1162,2:valid,2:valid,,0.646
1163,2:valid,2:valid,,0.56
1164,2:valid,2:valid,,0.999
1165,2:valid,2:valid,,1
1166,2:valid,2:valid,,0.965
1167,2:valid,2:valid,,0.994
1168,2:valid,2:valid,,1
1169,2:valid,2:valid,,0.999
1170,2:valid,2:valid,,0.731
1171,2:valid,2:valid,,0.596
1172,2:valid,2:valid,,1
1173,2:valid,2:valid,,1
1174,2:valid,2:valid,,0.997
1175,2:valid,2:valid,,0.997
1176,2:valid,2:valid,,1
1177,2:valid,2:valid,,0.998
1178,2:valid,2:valid,,0.573
1179,2:valid,2:valid,,1
1180,2:valid,2:valid,,0.656
1181,2:valid,2:valid,,1
1182,2:valid,2:valid,,1
1183,2:valid,2:valid,,1
1184,2:valid,2:valid,,1
1185,2:valid,2:valid,,1
1186,2:valid,2:valid,,0.548
1187,2:valid,2:valid,,1
1188,2:valid,2:valid,,0.981
1189,2:valid,2:valid,,0.67
1190,2:valid,2:valid,,1
1191,2:valid,2:valid,,0.998
1192,2:valid,2:valid,,1
1193,2:valid,2:valid,,1
1194,2:valid,2:valid,,0.626
1195,2:valid,2:valid,,0.994
1196,2:valid,2:valid,,0.536
1197,2:valid,2:valid,,1
1198,2:valid,2:valid,,1
1199,2:valid,2:valid,,1
1200,2:valid,2:valid,,0.996
1201,2:valid,2:valid,,1
1202,2:valid,2:valid,,0.979
1203,2:valid,2:valid,,0.702
1204,2:valid,2:valid,,1
1205,2:valid,2:valid,,1
1206,2:valid,2:valid,,0.518
1207,2:valid,2:valid,,0.997
1208,2:valid,2:valid,,0.733
1209,2:valid,2:valid,,0.594
1210,2:valid,2:valid,,0.572
1211,2:valid,2:valid,,1
1212,2:valid,2:valid,,1
1213,2:valid,2:valid,,1
1214,2:valid,2:valid,,1
1215,2:valid,2:valid,,0.574
1216,2:valid,2:valid,,1
1217,2:valid,2:valid,,0.999
1218,2:valid,2:valid,,0.654
1219,2:valid,2:valid,,1
1220,2:valid,2:valid,,1

